iid,whiskey
0,"Macallan 10yo Full Proof 57% 1980 (OB, Giovinetti & Figli)"
1,Ledaig 42yo Dusgadh
2,"Laphroaig 27yo 57.4% 1980-2007 (OB, 5 Oloroso Casks, 972 Bts)"
3,Glenfarclas 40yo
4,Glengoyne 25yo
5,Amrut Spectrum (Batch 1)
6,Highland Park 25yo
7,Highland Park 40yo
8,Tamdhu 30yo (MacPhail Collection 2009)
9,Balvenie TUN 1401 (all batches)
10,Kavalan Solist Oloroso Sherry Cask
11,Aberlour A'Bunadh (Batch 33)
12,Aberlour A'Bunadh (Batch 37)
13,Highland Park 30yo
14,Laphroaig 25yo
15,Nikka Single Cask Coffey Malt 12yo
16,Aberlour A'Bunadh (Batch 40)
17,Yamazaki 18yo
18,Aberlour A'Bunadh (Batch 49)
19,Redbreast 21yo
20,Yamazaki Sherry Cask (all vintages)
21,Aberlour A'Bunadh (Batch 56)
22,Bruichladdich 21yo Cuvee 407 PX
23,Compass Box Last Vatted Malt
24,Amrut Greedy Angels (8yo and 10yo)
25,BenRiach 18yo Albariza Pedro Ximenez Peated
26,Bowmore Springtide
27,Highland Park 16yo Odin
28,GlenDronach Cask Strength (batch 1)
29,Kavalan Solist Vinho Barrique
30,Aberlour A'Bunadh (Batch 53)
31,GlenDronach Cask Strength (batch 2)
32,Macallan Cask Strength
33,Sheep Dip Old Hebridean 1990 Blended Malt
34,Aberlour A'Bunadh (Batch 39)
35,Highland Park 18yo
36,Karuizawa 1990 Sherry Butt
37,Kavalan Solist PX Cask
38,Timorous Beastie 21yo Sherry Edition
39,Amrut Spectrum 004 (Batch 2)
40,GlenDronach vintage 20yo Single Cask (all vintages)
41,Kavalan Solist Manzanilla Cask
42,Aberlour A'Bunadh (Batch 44)
43,Aberlour A'Bunadh (Batch 52)
44,Kavalan Solist Amontillado Cask
45,Aberlour A'Bunadh (Batch 35)
46,BenRiach 17yo Solstice Peated Port (both editions)
47,Benromach 10yo Cask Strength (100 proof)
48,Highland Park 17yo The Dark
49,Springbank 21yo
50,Aberlour A'Bunadh (Batch 45)
51,Arran Malt 21st Anniversary Edition
52,Laphroaig Cairdeas 2013 Port Wood
53,Nikka Taketsuru 21yo
54,Timorous Beastie 40yo Cask Strength
55,Bladnoch 12yo Sherry Cask (Sheep label)
56,GlenDronach vintage 19yo Single Cask (all vintages)
57,Amrut PX Sherry Single Cask 2696 (LCBO)
58,Highland Park 15yo Loki
59,Kilchoman Port Cask Matured
60,Aberlour A'Bunadh (Batch 36)
61,Amrut Portonova
62,Bowmore 15yo Laimrig
63,Bushmills 21yo Single Malt
64,Glenlivet Alpha
65,Aberlour A'Bunadh (Batch 30)
66,Aberlour A'Bunadh (Batch 42)
67,AnCnoc 1975
68,Glenmorangie Signet
69,Hakushu Sherry Cask
70,Kavalan Solist Sherry Cask
71,Macallan 10yo Sherry Oak Cask Strength
72,Aberlour A'Bunadh (Batch 58)
73,Kavalan Solist Port Cask
74,Amrut Madeira Cask Finish (Batch 1)
75,Macallan 18yo Sherry Oak
76,Tomatin 40yo
77,Aberlour A'Bunadh (all batches)
78,Aberlour A'Bunadh (Batch 34)
79,Balvenie TUN 1509 (all batches)
80,BenRiach 35yo
81,GlenDronach Cask Strength (batch 4)
82,Bunnahabhain 25yo
83,Glengoyne 40yo
84,Glenlivet XXV 25yo
85,Aberlour A'Bunadh (Batch 54)
86,Amrut Intermediate Sherry
87,Amrut Kadhambam
88,Glengoyne 21yo
89,Highland Park 21yo
90,Glengoyne Cask Strength (batch 7)
91,Kilchoman PX Sherry Finish
92,Springbank 12yo Cask Strength
93,Aberlour A'Bunadh (Batch 46)
94,Macallan Reflexion
95,Amrut PX Sherry Single Cask 3516 (SAQ)
96,Compass Box This is Not a Luxury Whisky
97,GlenDronach Cask Strength (batch 3)
98,Laphroaig Cairdeas 2020 Port & Wine Casks
99,Macallan 25yo Sherry Oak
100,Aberlour A'Bunadh (Batch 47)
101,Ben Nevis 10yo (post-2017)
102,Glen Garioch 17yo Renaissance Chapter 3
103,Glen Garioch 1998 Wine Cask Matured
104,GlenDronach Cask Strength (all batches)
105,Glenrothes 25yo
106,Kilchoman Loch Gorm
107,Scallywag 13yo
108,Smogen Sherry Project 1:2
109,White Oak Akashi 14yo
110,Aberlour A'Bunadh (Batch 66)
111,AnCnoc 22yo
112,BenRiach 18yo Latada
113,GlenDronach 15yo Revival
114,Longrow Red 11yo Port Cask
115,Aberlour 12yo Non-Chill-Filtered
116,Balblair 1990 (all releases)
117,Bunnahabhain 14yo 2003 Pedro Ximenez Finish
118,GlenDronach 12yo Sauternes Cask Finish
119,GlenDronach 18yo Allardice
120,GlenDronach Cask Strength (batch 6)
121,Glenlivet Nadurra 16yo
122,High Coast (Box) PX - Pedro Ximenez Finish
123,Kavalan Solist Fino Sherry Cask
124,Longrow Red 12yo Pinot Noir Finish
125,Aberlour A'Bunadh (Batch 32)
126,Aberlour A'Bunadh (Batch 61)
127,Glenmorangie Companta
128,Green Spot Chateau Leoville Barton
129,Aberlour A'Bunadh (Batch 59)
130,Amrut PX Sherry Single Cask (all casks)
131,Longmorn 15yo
132,Smogen Sherry Project 1:4
133,Aberlour A'Bunadh (Batch 60)
134,Bowmore 25yo
135,GlenDronach 18yo Tawny Port Finish
136,Glenlivet Nadurra Cask Strength (NAS)
137,Kavalan Brandy Oak
138,Royal Brackla 21yo
139,Aberlour A'Bunadh (Batch 50)
140,GlenDronach 21yo Parliament
141,Glenfiddich Snow Phoenix
142,Glengoyne Teapot Dram (all batches)
143,Glenrothes Minister's Reserve
144,Highland Park Full Volume
145,Aberlour A'Bunadh (Batch 48)
146,Aberlour A'Bunadh (Batch 65)
147,Bruichladdich Port Charlotte 2009 MC:01
148,Deanston 2008 Bordeaux Red Wine Cask Matured
149,Glenmorangie Bacalta
150,Ledaig 18yo
151,Longrow Red 11yo Australian Shiraz
152,Springbank 15yo
153,Glen Garioch 15yo Renaissance Chapter 1
154,Balvenie 21yo Port Wood
155,High Coast (Box) Dalvve Sherry Influence
156,Longrow Red 11yo Cabernet Sauvignon
157,Millstone 12yo Sherry Cask
158,Smogen Sherry Project 1:3
159,Arran Malt Sassicaia Wine Cask Finish
160,Glenfarclas 25yo
161,Aberlour 18yo
162,Arran Malt Amarone Cask Finish
163,Glenfarclas 17yo
164,Two Brewers Special Finishes (all releases)
165,Blue Spot 7yo Cask Strength
166,Glenfarclas 105
167,Highland Park 15yo Fire
168,Macallan Classic Cut (all editions)
169,GlenDronach Cask Strength (batch 5)
170,Glengoyne Cask Strength (batch 1)
171,Glengoyne Cask Strength (batch 5)
172,Longmorn 16yo
173,Macallan Ruby
174,Scallywag Cask Strength (all batches)
175,Aberlour A'Bunadh (Batch 57)
176,Highland Park Valknut
177,Bowmore 10yo Devil's Cask (all batches)
178,Bunnahabhain 11yo Manzanilla Cask Matured 2008
179,Glenmorangie Nectar d'Or
180,Highland Park 15yo
181,Karuizawa Asama Vintages 1999-2000
182,Mortlach 16yo (F&F)
183,Smogen Sherry Project 1:1
184,Springbank 13yo Green
185,Deanston 10yo PX Finish
186,Glenrothes Whisky Maker's Cut
187,Jura Brooklyn
188,Knappogue Castle 16yo Twin Wood
189,Macallan Rare Cask (all batches)
190,Macallan Sienna
191,Sheep Dip 1999 Amoroso Blended Malt
192,Teerenpeli Distiller's Choice KARHI
193,Two Brewers Release 15 Special Finishes
194,Amrut Bengal Tiger PX Single Cask (Canada)
195,Mortlach 15yo (Gordon & MacPhail)
196,Aberlour A'Bunadh (Batch 38)
197,Aberlour A'Bunadh (Batch 62)
198,Arran Malt Madeira Wine Cask
199,Glengoyne Cask Strength (all batches)
200,Glenmorangie The Taghta
201,Redbreast Lustau Edition
202,Tomatin Cu Bocan 2005 Limited Edition
203,BenRiach 21yo Tawny Port Finish
204,Compass Box The Story of the Spaniard
205,Glen Garioch 15yo Wine Cask Matured
206,Glencadam 14yo Oloroso Sherry Cask Finish
207,GlenDronach 15yo Tawny Port Finish
208,Glenfarclas 21yo
209,Glengoyne Cask Strength (batch 2)
210,Ohishi Sherry Single Cask
211,Red Spot 15yo
212,Redbreast Mano a Lámh
213,Sullivans Cove French Oak
214,Tomatin 18yo
215,Ardbeg Galileo
216,Ben Nevis 18yo The Maltman
217,Bunnahabhain Moine (all bottlings)
218,Glenfiddich 21yo Gran Reserva
219,Longrow Red 14yo Burgundy Wood
220,Tamdhu Batch Strength (all batches)
221,Balblair 1989
222,Balvenie 17yo Doublewood
223,BenRiach 12yo Matured in Sherry Wood
224,Tomatin 14yo Portwood
225,Benromach 15yo
226,Glenfarclas 15yo
227,Glenrothes 18yo
228,Kilchoman Sherry Single Cask
229,Aberlour 16yo Double Cask Matured
230,AnCnoc 2000
231,Arran Malt Port Cask Finish
232,Glengoyne 18yo
233,Hazelburn 12yo (Springbank)
234,Highland Park Valkyrie
235,Macallan 25yo Fine Oak
236,Timorous Beastie 12yo Cask Strength
237,Highland Park Magnus (2017)
238,Dalmore Port Wood Reserve
239,GlenDronach 12yo Original
240,Tobermory 15yo
241,Balvenie 16yo Triple Cask
242,Glenfarclas 12yo
243,Glenmorangie Quinta Ruban
244,Aberfeldy 18yo
245,GlenDronach 18yo Marsala Finish
246,Glenmorangie Dornoch
247,Bowmore 12yo Enigma
248,Kilchoman Madeira Cask Matured
249,Amrut Naarangi
250,Bowmore 15yo Darkest
251,Macallan 12yo Sherry Oak
252,Mackmyra Moment Korsbar
253,Santis Alpstein (all editions)
254,Spirit of Hven Sankt Claus
255,"Glenfarclas 1968-2000 54.2% (OB, Old Stock Reserve, Ceramic)"
256,Glenfiddich 15yo Solera
257,Glenmorangie A Midwinter Night's Dram
258,Laphroaig PX Triple Matured
259,Glen Garioch 1999 Sherry Cask Matured
260,Glengoyne 12yo Cask Strength
261,Aberlour Casg Annamh
262,Ben Nevis 10yo (all editions)
263,Dalwhinnie Distillers Edition
264,Macallan 30yo Fine Oak
265,Talisker Port Ruighe
266,Tyrconnell 10yo Port Cask Finish
267,Glengoyne Cask Strength (batch 4)
268,Macallan Whisky Maker's Edition
269,Redbreast All Sherry Single Cask 1999
270,Teerenpeli Distiller's Choice AURA
271,Tomatin Oloroso Sherry 1995
272,Amrut PX Sherry Single Cask 2701
273,Dalmore 18yo
274,Glenlivet Nadurra Oloroso
275,Glenmorangie Duthac
276,Kavalan Sherry Oak
277,Mackmyra Skordetid
278,Arran Malt Sherry Single Cask
279,Glengoyne 12yo
280,Glengoyne 15yo
281,Mackmyra Midvinter
282,Penderyn Portwood
283,Singleton of Glen Ord 18yo
284,Westland Winter 2016
285,Bushmills 16yo Single Malt
286,Glenfiddich 19yo Age of Discovery (Madeira Cask)
287,Jura 16yo Diurach's Own
288,Highland Park Dark Origins
289,Smogen Primör
290,Westland Sherry Wood
291,Glenglassaugh 26yo
292,Glenmorangie Milsean
293,Green Spot Chateau Montelena
294,Ledaig 1996
295,BenRiach 15yo Tawny Port Finish
296,Glentauchers 1991 18yo (Gordon & MacPhail)
297,Tyrconnell 10yo Sherry Cask Finish
298,Dalmore Cigar Malt
299,Macallan 10yo Sherry Oak
300,Highland Park 12yo Saint Magnus
301,Balvenie 12yo Doublewood
302,Blair Athol 12yo (F&F)
303,Glenmorangie The Tayne
304,Lismore 21yo
305,Glenmorangie Lasanta
306,Arran Malt Sherry Cask Finish
307,Bruichladdich Rocks
308,Dalmore 15yo
309,Glen Moray Classic Sherry Cask finish
310,Jura 21yo
311,Wemyss Malts The Spice King
312,Aberfeldy 16yo
313,Aberlour 12yo Double Cask Matured
314,Bushmills Black Bush
315,Glenfarclas 10yo
316,Glen Moray Classic Port Cask finish
317,GlenDronach 14yo Sauternes Cask Finish
318,Teeling Single Malt
319,Arran Malt Pomerol Bordeaux Cask Finish
320,Bladnoch 15yo Adela
321,Dalmore King Alexander III
322,Jura 12yo Elixir
323,Kavalan Concertmaster Port Cask
324,Timorous Beastie
325,Balvenie 12yo Triple Cask
326,Glen Scotia Double Cask
327,Glencadam 12yo Port Wood Finish
328,Glenfiddich Malt Master's Edition
329,Laphroaig Select
330,Tomatin Cu Bocan Sherry Edition
331,Auchentoshan Three Wood
332,Benrinnes 15yo F&F
333,Game of Thrones House Baratheon Royal Lochnagar 12 ans
334,Glenfiddich Reserve Cask
335,Jura 21yo 200th Anniversary
336,Writers Tears Red Head Single Malt
337,Jura Seven Wood
338,Aberlour 10yo
339,Bushmills Sherry Cask Reserve
340,Singleton of Dufftown Tailfire
341,Glen Moray 16yo
342,Glenglassaugh Revival
343,Glenrothes Robur Reserve
344,Macallan Select Oak
345,Wemyss Malts Velvet Fig
346,Bowmore Black Rock
347,Glen Garioch 16yo Renaissance Chapter 2
348,Tullibardine 500 Sherry Finish
349,Nantou (Omar) Yushan Sherry Cask
350,Mackmyra Blomstertid
351,Glenrothes Sherry Cask Reserve
352,Dalmore Gran Reserva
353,Bladnoch Samsara
354,Longmorn Distiller's Choice
355,Jura 18yo
356,Penderyn Madeira
357,Royal Lochnagar 12yo
358,Tullibardine 1993 Port
359,Penderyn Sherrywood
360,Jura Turas Mara
361,Amrut PX Sherry Single Cask 2702
362,Lohin McKinnon Wine Barrel Finished (Black Sage)
363,Singleton of Dufftown Spey Cascade
364,Ichiro's Malt The Joker
365,Bruichladdich Black Art 7.x 1994
366,Cragganmore 12yo (Special Release 2019)
367,Hibiki 21yo
368,Bunnahabhain 40yo
369,Bruichladdich Black Art 3.x 1989
370,Bruichladdich Black Art 8.x 1994
371,Bruichladdich Black Art 6.x 1990
372,Midleton Very Rare 2017
373,Glenfiddich 30yo
374,Glencadam 25yo
375,Midleton Dair Ghaelach
376,Amrut Virgin Oak Single Cask
377,Bruichladdich Black Art 2.x 1989
378,Redbreast 12yo Cask Strength
379,Macallan Edition No. 6
380,Cragganmore 25yo
381,Mackmyra Reserve Single Cask (various casks)
382,Amrut Double Cask
383,Midleton Very Rare 2021
384,Aultmore 25yo
385,Yamazaki Mizunara
386,Compass Box 3yo Deluxe
387,GlenDronach 19yo Madeira Finish
388,Old Pulteney 25yo
389,Arran Malt 18yo
390,Bruichladdich The Organic 2010
391,Kanosuke New Born 2018 8mo
392,Craigellachie 23yo
393,Glenlivet Nadurra First Fill (White Oak)
394,Tomatin Decades
395,Yamazaki Limited Edition 2016
396,Amrut Herald
397,Two Brewers Release 22 Innovative
398,Amrut Fusion
399,Glenmorangie Ealanta
400,Macallan Edition No. 2
401,Two Brewers Release 23 Special Finishes
402,Caol Ila 18yo Unpeated 2017
403,Kavalan ex-Bourbon Oak
404,Compass Box Spice Tree Extravaganza
405,Glen Grant 25yo
406,Macallan Edition No. 4
407,Arran Malt The Devil's Punch Bowl (all chapters)
408,Bruichladdich Black Art 5.x 1992
409,Arran Malt Bourbon Single Cask
410,Balblair 15yo
411,Compass Box Phenomenology
412,Arran Malt 17yo
413,Glenmorangie Astar
414,Kavalan Solist Ex-Bourbon
415,Mackmyra Moment Glöd
416,Mackmyra Moment Urberg
417,BenRiach 25yo
418,Bruichladdich 21yo Cuvee 382 La Berenice
419,Bruichladdich 21yo Cuvee 640 Eroica
420,Glen Grant Five Decades
421,High Coast (Box) The 2nd Step Collection 02
422,Paul John Single Cask
423,Amrut Two Continents
424,Hibiki 17yo
425,Midleton Very Rare 2016
426,Nikka From the Barrel
427,Auchentoshan 21yo
428,Game of Thrones House Tyrell Clynelish Reserve
429,Macallan Edition No. 1
430,Arran Malt Tokaji Aszu Wine Finish
431,Nikka Taketsuru 17yo
432,Old Pulteney 17yo
433,Two Brewers Release 14 Innovative
434,Aberfeldy 21yo
435,Compass Box Spice Tree
436,Hakushu 18yo
437,Kininvie 17yo (all batches)
438,Mortlach Special Strength
439,Strathmill 25yo
440,Cragganmore NAS (Special Release 2016)
441,Macallan Edition No. 3
442,Glen Scotia 15yo
443,Glenfiddich Winter Storm 21yo Experimental Series No. 3
444,Old Pulteney 15yo
445,Redbreast 15yo
446,Arran Malt Napoleon Cognac Finish
447,Clynelish 14yo
448,Glenfiddich Cask of Dreams
449,Mackmyra Special 04
450,Amrut Bourbon Single Cask
451,Balvenie 12yo Single Barrel
452,Glenmorangie 18yo
453,Mackmyra Moment Rimfrost
454,AnCnoc 18yo
455,Bruichladdich Black Art 4.x 1990
456,Redbreast 12yo
457,Glenfiddich Project XX Experimental Series No. 2
458,Balvenie 25yo Single Barrel
459,Glen Garioch 12yo
460,High Coast (Box) The Festival 2016
461,Macallan 18yo Fine Oak
462,Bunnahabhain 12yo
463,Mortlach 18yo
464,Two Brewers Release 21 Classic
465,Glenfiddich 15yo Distillery Edition
466,Bruichladdich The Organic 2009
467,Ichiro's Malt Double Distilleries
468,Macallan Edition No. 5
469,Mackmyra Special 03
470,Caol Ila 17yo Unpeated 2015
471,Nikka Coffey Malt
472,"Bruichladdich The Organic (Mid Coul, Coulmore, Mains of Tullibardine Farms)"
473,Kilkerran Work in Progress Sherry Wood
474,Storas 21yo Rare Cask Reserves Blended
475,Aberlour A'Bunadh Alba (all batches)
476,Balblair 18yo
477,Balcones Texas Single Malt Whisky
478,Matsui Sakura Cask
479,Teerenpeli Distiller's Choice KASKI
480,Tobermory 12yo Bourbon-matured
481,Two Brewers Release 04 Special Finishes
482,Timorous Beastie 18yo
483,Craigellachie 17yo
484,Glenrothes Vintage 1995 (all bottlings)
485,Sullivans Cove Port Cask Strength
486,Aberlour A'Bunadh Alba (Batch 1)
487,Glen Scotia Victoriana
488,Mackmyra Special 09
489,Paul John Classic Select Cask
490,Compass Box Oak Cross
491,Glenlivet Cipher
492,Glenlivet 18yo
493,Old Pulteney 18yo
494,Glenfiddich 18yo
495,Mortlach 12yo
496,Two Brewers Release 08 Innovative
497,Sullivans Cove American Oak
498,Balvenie 14yo Carribean Cask
499,Deanston 18yo (Bourbon Finish)
500,Glengoyne 17yo
501,Midleton Very Rare 2015
502,Tyrconnell 10yo Madeira Cask Finish
503,Arran Malt Sauternes Finish
504,Nikka Pure Malt Red
505,Westland American Single Malt (American Oak)
506,Glen Grant 18yo
507,Glenfiddich 14yo Rich Oak
508,Green Spot
509,Singleton of Glendullan 15yo
510,Auchentoshan Bartender's Malt
511,Benromach Organic
512,High Coast (Box) The Messenger
513,Mackmyra Special 08
514,Royal Brackla 16yo
515,Teerenpeli Distiller's Choice RASI
516,Yamazaki Distiller's Reserve
517,Glen Grant 16yo
518,Kininvie 23yo (all batches)
519,Mackmyra Moment Jord
520,Bruichladdich The Organic 2003
521,Mackmyra Special 05
522,Paul John Brilliance
523,Macallan 21yo Fine Oak
524,Mackmyra Moment Källa
525,Singleton of Glendullan 18yo
526,Macallan 15yo Fine Oak
527,Singleton of Glen Ord 15yo
528,Mackmyra Moment Solsken
529,Bunnahabhain Stiuireadair
530,Macallan 12yo Double Cask
531,Glen Elgin 12yo
532,Mortlach Rare Old
533,Tullamore Dew 14yo Single Malt
534,Balblair 16yo
535,Bushmills 12yo Single Malt
536,GlenDronach 8yo The Hielan
537,Glenfiddich IPA Cask Finish Experimental Series No. 1
538,Nikka Taketsuru 12yo
539,Teerenpeli 8yo
540,Tullibardine 25yo
541,Auchentoshan 18yo
542,Bunnahabhain Darach Ur
543,Bunnahabhain Eirigh Na Greine
544,Glenlivet Captain's Reserve
545,Nikka All Malt
546,Craigellachie 14yo
547,Knappogue Castle 14yo Twin Wood
548,Mackmyra Moment Malström (Maelstrom)
549,Glenlivet 15yo French Oak
550,Mackmyra Special 10
551,Okanagan Spirits Laird of Fintry (all editions)
552,Tomatin 15yo
553,Dalmore 12yo
554,BenRiach 12yo Horizons
555,Glenrothes Vintage 1998 (2014)
556,Old Pulteney 12yo
557,Singleton of Dufftown 18yo
558,Glenfiddich 14yo Bourbon Barrel Reserve
559,Glenrothes Vintage Reserve (NAS)
560,Old Pulteney Navigator
561,Scapa 16yo
562,Cragganmore 12yo
563,Auchentoshan 12yo
564,Gouden Carolus Single Malt
565,Singleton of Dufftown 15yo
566,Singleton of Glen Ord 12yo
567,Sullivans Cove Double Cask
568,Monkey Shoulder
569,Royal Brackla 12yo
570,Teaninich 10yo (F&F)
571,Teeling Small Batch (Rum Cask Finish)
572,Tullibardine 225 Sauternes Finish
573,Wemyss Malts Smooth Gentleman
574,Deveron 12yo
575,Macallan 10yo Fine Oak
576,Nantou (Omar) Yushan Bourbon Cask
577,Deanston 12yo
578,Deveron 18yo
579,Edradour 10yo
580,Macallan Amber
581,Tobermory 10yo
582,Glenrothes Elders' Reserve
583,Stalk & Barrel Single Malt (All Casks)
584,Strathisla 12yo
585,Bruichladdich Sherry Classic
586,Glencadam Origin 1825 (NAS)
587,Glen Breton 21yo
588,Mackmyra Moment Jakt
589,Glenrothes 12yo
590,Tomintoul 12yo Oloroso Sherry
591,Auchroisk 10yo (F&F)
592,Glenfiddich Select Cask
593,The Irishman Single Malt (NAS)
594,Arran Malt Robert Burns Single Malt
595,Tullibardine 1993 Sauternes
596,Aberfeldy 12yo
597,Glenrothes Manse Reserve
598,BenRiach 15yo Sauternes Finish
599,Glenburgie 10yo (Gordon & MacPhail)
600,Glen Moray 10yo Chardonnay Cask
601,Glen Garioch Virgin Oak
602,Glenlivet 12yo
603,Tomatin 12yo
604,Miltonduff 10yo (F&F)
605,Tullibardine 228 Burgundy Finish
606,Singleton of Dufftown Unite
607,Tullamore Dew 10yo Single Malt
608,Dalmore Valour
609,Singleton of Glendullan 12yo
610,Glen Deveron 10yo (Macduff)
611,Millstone 8yo French Oak
612,Glenlivet Founder's Reserve
613,Santis Edition Sigel
614,Singleton of Dufftown 12yo
615,Game of Thrones House Tully Singleton Glendullan Select
616,Scapa Skiren
617,Glen Moray 12yo Chenin Blanc
618,Penderyn Legend
619,Glenrothes Select Reserve
620,Singleton of Glen Ord Signature
621,Penderyn Aur Cymru
622,Speyside 10yo
623,Mars Iwai Tradition
624,Mackmyra Special 01
625,Glen Moray 16yo Chenin Blanc
626,McClelland's Speyside Single Malt
627,Kavalan Solist Moscatel Cask
628,Midleton Barry Crockett Legacy
629,Kavalan Solist Rum Cask
630,Glen Scotia 25yo
631,Yamazaki Limited Edition 2015
632,Highland Park 17yo The Light
633,Bruichladdich Laddie Twenty Two 22yo
634,Mackmyra Iskristall
635,Aultmore 21yo
636,Mackinlay's Shackleton Rare Old Highland Malt Discovery edition
637,Teeling Silver Reserve 21yo Sauternes Finish
638,High Coast (Box) The 2nd Step Collection 03
639,Compass Box Double Single
640,Mackmyra Vinterdrom
641,Old Pulteney 21yo
642,Bruichladdich Laddie Ten 10yo (Second Edition)
643,Ichiro's Malt Chichibu On The Way
644,Glencadam 21yo
645,Kilkerran 12yo
646,Kavalan Distillery Reserve Rum Cask
647,Benromach 5yo
648,Glen Breton Ice 17yo
649,High Coast (Box) Quercus IV Mongolica
650,Matsui Mizunara Cask
651,Amrut Cask Strength
652,Arran Malt Orkney Bere Barley
653,Macallan 17yo Fine Oak
654,Yamazaki Bourbon Barrel
655,Balvenie 15yo Single Barrel (Cask)
656,Bruichladdich Laddie Sixteen 16yo
657,Glencadam 30yo
658,Glenmorangie Spios Private Edition No 9
659,Kilkerran Work in Progress Bourbon Wood
660,Two Brewers Release 06 Classic
661,Compass Box Enlightenment
662,Glenmorangie Tusail
663,Bladnoch 19yo (Cow label)
664,AnCnoc 16yo
665,Hakushu 10yo
666,Hakushu 12yo
667,Aultmore 18yo
668,Compass Box Rivals
669,Glenfiddich 26yo Excellence
670,Arran Malt 14yo
671,Stronachie 18yo
672,Yamazaki 12yo
673,Longrow 10yo
674,BenRiach Cask Strength
675,Caol Ila 15yo Unpeated 2018
676,Kavalan Podium
677,Linkwood 12yo (F&F)
678,Mackmyra The First Edition (Den Första Utgåvan)
679,Arran Malt 12yo Cask Strength (all editions)
680,Mackmyra Ten Years 10yo
681,Hibiki 12yo
682,Glenmorangie The Tarlogan
683,Mackinlay's Shackleton Rare Old Highland Malt Journey edition
684,Westland Garryana
685,Mackmyra Preludium 03
686,Tullibardine 20yo
687,Mars Maltage Cosmo
688,Arran Malt 10yo
689,Bruichladdich Classic Laddie Scottish Barley
690,Spirit of Hven Urania
691,Two Brewers Release 16 Classic
692,Yamazaki Puncheon
693,Glencadam 15yo
694,Two Brewers Release 20 Innovative
695,Balblair 10yo
696,Bladnoch 10yo (F&F)
697,Dalwhinnie 15yo
698,GlenDronach 14yo Virgin Oak
699,Ichiro's Malt Chichibu The Floor Malted
700,AnCnoc 12yo
701,Nikka Miyagikyo NAS
702,Timorous Beastie 10yo
703,Glen Breton 15yo Battle of the Glen
704,AnCnoc Peter Arkle (all releases)
705,Glendalough 13yo Single Malt
706,Tomatin Cu Bocan Virgin Oak Edition
707,Ichiro's Malt Chichibu The First
708,Kavalan King Car Conductor
709,Mackmyra Svensk Ek
710,Old Pulteney Huddart
711,Balblair 2000
712,Glen Scotia 21yo
713,High Coast (Box) Quercus III Petraea
714,Mackmyra Special 07
715,Yamazaki NAS
716,BenRiach 10yo
717,Game of Thrones House Stark Dalwhinnie Winter's Frost
718,Inchgower 14yo (F&F)
719,Sheep Dip Blended Malt
720,Benromach Traditional
721,Glen Grant 10yo (G&M)
722,Glencadam 10yo
723,Macallan 12yo Fine Oak
724,Bruichladdich Laddie Classic (Edition 01)
725,FEW Single Malt
726,Glen Garioch Founder's Reserve
727,Glen Scotia 18yo
728,Kavalan Single Malt Whisky
729,Craigellachie 13yo
730,Knappogue Castle 12yo
731,Talisker Skye
732,BenRiach 12yo
733,Glenmorangie 10yo
734,Nikka Taketsuru NAS
735,Stronachie 10yo
736,Aultmore 12yo
737,Mackmyra The Swedish Whisky (Brukswhisky)
738,Bruichladdich Laddie Eight 8yo
739,Wemyss Malts The Hive
740,Strathmill 12yo
741,Tomintoul 25yo
742,Hakushu Distiller's Reserve
743,Auchentoshan Valinch
744,Hazelburn 8yo (Springbank)
745,Hibiki Harmony
746,Ichiro's Malt Mizunara Wood Reserve (MWR)
747,Tomatin Cask Strength
748,Hakushu NAS
749,Glenglassaugh Octaves Classic
750,Glenkinchie Distiller's Edition (all editions)
751,Amrut Indian Single Malt
752,Glen Grant 12yo
753,Glen Scotia 14yo
754,Mackmyra Special 02
755,Mannochmore 12yo (F&F)
756,Tamdhu 10yo
757,BenRiach 20yo
758,Penderyn Myth
759,Tomintoul 16yo
760,Wolfburn (NAS)
761,Glengoyne 10yo
762,Arran Malt Lochranza Reserve
763,Glenfiddich 1963 Original Malt
764,Hibiki Harmony Master's Select
765,High Coast (Box) Quercus I Robur
766,Highland Park Svein
767,Mackinlay's Shackleton Blended Malt
768,Glendalough 7yo Single Malt
769,Balblair 12yo
770,Glen Breton Ice 12yo
771,Glen Grant 10yo
772,St George's Chapter 6 (unpeated)
773,Bladnoch 1993-2009 (G&M)
774,Bladnoch Vintage 1992-2007 (Signatory)
775,Glen Breton Ice 10yo
776,Teerenpeli 10yo
777,White Oak Akashi 5yo
778,Glenkinchie 12yo
779,Highland Park Harald
780,Glenrothes Alba Reserve
781,Shelter Point Classic Single Cask (KWM) Single Malt Whisky
782,Glenlossie 10yo (F&F)
783,Stronachie 12yo
784,Tyrconnell Single Malt Irish Whiskey
785,Bushmills 10yo Single Malt
786,Auchentoshan Virgin Oak
787,Tomatin Legacy
788,Glenglassaugh Evolution
789,Glenrothes Bourbon Cask Reserve
790,Macallan Gold
791,Nikka Gold & Gold
792,Shelter Point Artisanal Single Malt Whisky
793,The Quiet Man 8yo Single Malt
794,Deanston Virgin Oak
795,Kilbeggan Irish Reserve Malt Whiskey
796,Cardhu Amber Rock
797,Knappogue Castle Vintage
798,Glenfiddich 12yo
799,Mackmyra Midnattssol
800,Tormore 14yo
801,Speyburn 10yo
802,Cardhu 12yo
803,Game of Thrones House Targaryen Cardhu Gold Reserve
804,Glen Spey 12yo (F&F)
805,Glenturret 10yo
806,Pig's Nose 5yo Blended Malt
807,Tullibardine Aged Oak Edition
808,Glen Moray 12yo
809,Tomatin Cu Bocan
810,Glenrothes 10yo
811,Bladnoch 16yo (Signatory)
812,Auchentoshan Classic
813,Tormore 12yo
814,White Oak Akashi Single Malt (NAS)
815,Glen Moray Classic
816,Knockando 12yo (All Vintages)
817,Glen Grant The Major's Reserve
818,Tomintoul 10yo
819,Speyside 12yo
820,Mackmyra Mack
821,BenRiach Heart of Speyside
822,Kirin 18yo (Fuji Sanroku)
823,Macallan Gold Double Cask
824,Auchentoshan American Oak
825,Auchentoshan 10yo
826,Loch Lomond NAS
827,Glen Breton 14yo
828,Tamnavulin 12yo
829,Tullibardine Sovereign
830,McClelland's Highland Single Malt
831,McClelland's Lowland Single Malt
832,Port Ellen 2nd release 24yo 59.35%
833,Port Ellen 9th release 30yo
834,Caol Ila 35yo
835,Port Ellen 14th release 35yo
836,Port Ellen 10th release 31yo
837,Port Ellen 15th release 32yo
838,Port Ellen 11th release 32yo
839,Port Ellen 7th release 28yo
840,Talisker 35yo
841,Caol Ila 30yo
842,Port Ellen 16th release 37yo
843,Port Ellen 6th release 27yo
844,Port Ellen 3rd release 24yo
845,Port Ellen 4th release 25yo
846,Talisker 30yo
847,Port Ellen 17th release 37yo
848,Ledaig 19yo 1998 Pedro Ximenez Finish
849,Springbank 16yo Local Barley
850,Talisker 18yo
851,Compass Box Flaming Heart 2018 6th Edition
852,Port Ellen 12th release 32yo
853,Compass Box Flaming Heart 2008 2nd Edition
854,Compass Box Flaming Heart 2015 5th Edition - 15th Anniversary
855,Springbank 11yo Local Barley
856,Nikka Yoichi 15yo
857,Compass Box Flaming Heart (all editions)
858,Highland Park Sigurd
859,Ledaig 13yo Amontillado Cask Finish
860,Bruichladdich Port Charlotte 2010 MRC:01
861,Bruichladdich Port Charlotte PC10 Tro Na Linntean
862,Tomatin Cu Bocan 1989 Limited Edition
863,Glen Garioch 1994
864,Kilchoman Bourbon Single Cask
865,Port Ellen Douglas Laing McGibbon's Provenance John Milroy 23yo 1982-2005
866,Springbank 18yo
867,Talisker 25yo
868,Glen Garioch 1991
869,Bruichladdich Port Charlotte PC11 Eorna Na H-Alba
870,Kilkerran 8yo Cask Strength
871,Oban 21yo
872,Port Ellen 8th release 29yo
873,Talisker 57 North
874,BenRiach 21yo Authenticus Peated
875,Caol Ila 25yo
876,Kavalan Distillery Reserve Peaty Cask
877,Talisker Distiller's Edition (all editions)
878,Glen Garioch 1995
879,Compass Box The Lost Blend
880,High Coast (Box) Hav
881,Bowmore Vault Edition Second Release
882,Bruichladdich Port Charlotte PC12 Oileanach Furachail
883,Talisker 8yo (Special Releases)
884,Wemyss Malts The Rockpool
885,Bladnoch 9yo Lightly Peated
886,Bruichladdich Port Charlotte 10yo Heavily Peated (Second Edition)
887,Talisker 15yo (Special Release 2019)
888,Bruichladdich Port Charlotte PC10 (Second Edition)
889,Spirit of Hven Seven Stars No. 5 Alioth
890,BenRiach 25yo Authenticus Peated
891,Bowmore Mizunara Cask Finish
892,Dun Bheagan Islay 2009
893,Ledaig 19yo Marsala Finish
894,Talisker 10yo
895,Glenlivet Nadurra Peated Cask Finish
896,Port Ellen Douglas Laing McGibbon's Provenance John Milroy 23yo (all editions)
897,Bruichladdich Port Charlotte 2010 OLC:01 9yo
898,Two Brewers Release 19 Peated
899,Bowmore 10yo Tempest
900,Bruichladdich Infinity Third Edition
901,Bruichladdich Port Charlotte 10yo Heavily Peated (First Edition)
902,Hakushu Single Malt Heavily Peated
903,Highland Park 12yo (reviews pre-2014)
904,Oban 18yo
905,Westland Peat Week
906,Nikka Yoichi 12yo
907,Caol Ila 18yo
908,Game of Thrones House Greyjoy Talisker Select Reserve
909,Springbank 12yo Green
910,Bruichladdich Port Charlotte An Turas Mor
911,Nikka Pure Malt Black
912,Caol Ila 12yo
913,Ben Nevis Celebrated Traditional (NAS)
914,GlenDronach Peated Port Wood
915,Springbank 10yo
916,Highland Park 15yo Freya
917,Bruichladdich Port Charlotte Scottish Barley Heavily Peated
918,Kilchoman Sanaig
919,Paul John Peated Select Cask
920,Glenglassaugh Torfa
921,Highland Park 17yo Ice
922,Nikka Pure Malt White
923,Spirit of Hven Tycho's Star
924,Compass Box Lady Luck
925,Paul John Bold
926,Big Peat (Douglas Laing)
927,Kilchoman Sauternes Cask Matured
928,Nikka Miyagikyo 15yo
929,Edradour Ballechin 10yo
930,Nikka Yoichi 10yo
931,Highland Park 12yo (all reviews)
932,BenRiach 10yo Curiositas
933,Benromach 10yo
934,Bruichladdich Islay Barley (all vintages)
935,Longrow 7yo Gaja Barolo Finish
936,Mackmyra Svensk Rök
937,Balvenie 14yo Peat Week
938,Talisker Dark Storm
939,Talisker Storm
940,Bowmore 17yo White Sands
941,Compass Box Eleuthera
942,GlenDronach Peated
943,Highland Park 12yo Viking Honour (post-2017)
944,Mars Kogamatake The Revival 2011
945,Matsui The Peated
946,Westland Peated
947,Arran Malt Machrie Moor Cask Strength
948,Dun Bheagan Islay (all vintage editions)
949,Game of Thrones The Night's Watch Oban Bay Reserve
950,Nikka Yoichi NAS
951,Bowmore 15yo Mariner
952,Bowmore 18yo
953,Bowmore Vault Edition First Release
954,"Elements of Islay ""Peat"""
955,Kilchoman Coull Point
956,Paul John Edited
957,BenRiach Peated Quarter Casks
958,Nikka Miyagikyo 12yo
959,Glenfiddich Vintage Cask
960,Nikka Miyagikyo 10yo
961,Spirit of Hven Seven Stars No. 2 Merak
962,High Coast (Box) Early Days (batches 01/02)
963,Ledaig 10yo
964,Ardmore Traditional Cask
965,Oban 14yo
966,High Coast (Box) Dalvve
967,Spirit of Hven Seven Stars No. 3 Phecda
968,Dun Bheagan Islay 1999
969,Glen Garioch 1997
970,Teerenpeli Suomi 100 Juhlaviski
971,Oban Little Bay
972,Glenfiddich Fire & Cane Experimental Series No. 4
973,Highland Park 10yo (all reviews)
974,Bowmore 12yo
975,Bowmore 17yo
976,Wemyss Malts Peat Chimney
977,Fettercairn Fior
978,Glen Moray Classic Peated
979,Glenglassaugh Octaves Peated
980,Glen Scotia 12yo
981,Benromach Sassicaia
982,Bowmore No.1
983,Bowmore Gold Reef
984,Jura Superstition
985,Penderyn Peated
986,Springbank CV
987,Penderyn Celt
988,BenRiach Birnie Moss
989,Spirit of Hven Seven Stars No. 1 Dubhe
990,Bowmore Small Batch
991,Glenrothes Peated Cask Reserve
992,Connemara Peated Single Malt
993,St George's Chapter 9 (peated)
994,Highland Park Einar
995,Old Ballantruan Peated (Toumintoul)
996,Arran Malt Machrie Moor Peated (all editions)
997,Jura 10yo Origin
998,Glenfiddich 12yo Caoran Reserve
999,Bowmore Legend
1000,Longrow 10yo Tokaji Finish
1001,Brora 35yo
1002,Brora 30yo
1003,Ardbeg 23yo Twenty Something
1004,Ardbeg Uigeadail
1005,Bruichladdich Octomore 10 (Third Edition)
1006,Ardbeg 21yo
1007,Laphroaig 21yo
1008,Ardbeg 19yo Traigh Bhan
1009,Bruichladdich Octomore 7.3
1010,Lagavulin 16yo
1011,Kavalan Solist Peaty Cask
1012,Laphroaig Cairdeas 2015
1013,Bruichladdich Octomore 6.2
1014,Lagavulin 12yo Cask Strength
1015,Amrut Peated Cask Strength
1016,Ardbeg Supernova 2014
1017,Bruichladdich Octomore 8.3
1018,Ardbeg Corryvreckan
1019,Bruichladdich Octomore 9.3
1020,Amrut Portpipe Peated Single Cask #4668 (2017)
1021,Ardbeg Alligator
1022,"Smogen 8yo (4,8-10/2011)"
1023,Ardbeg 22yo Twenty Something
1024,Bruichladdich Octomore 8.2
1025,Lagavulin Distiller's Edition (All Vintages)
1026,Ardbeg Ardbog
1027,Compass Box No Name
1028,Ardbeg Supernova 2015
1029,Kilchoman 2008 Vintage
1030,Laphroaig 18yo
1031,Longrow 18yo
1032,Bruichladdich Octomore 7.1
1033,Bruichladdich Octomore 10 (Second Edition)
1034,Compass Box Peat Monster 2014 - 10th Anniversary
1035,Laphroaig Cairdeas 2019 Triple Wood Cask Strength
1036,Bruichladdich Octomore 10.2
1037,Ichiro's Malt Chichibu The Peated
1038,Bruichladdich Octomore 8.4
1039,Laphroaig Cairdeas 2014 Amontillado
1040,Smogen Single Cask (all editions)
1041,Smogen Single Cask 4yo 7/2011
1042,Ardbeg 17yo
1043,Kilchoman 2009 Vintage
1044,Kilchoman Original Cask Strength
1045,Laphroaig Quarter Cask
1046,AnCnoc Cutter
1047,Kilchoman 2007 Vintage
1048,Laphroaig 10yo Cask Strength (all batches)
1049,Bruichladdich Octomore 10
1050,Compass Box Peat Monster 2008 Reserve Edition
1051,Bruichladdich Octomore 10 (Fourth Edition)
1052,Ardbeg Dark Cove
1053,Bruichladdich Octomore 11.3
1054,Bruichladdich Octomore 7.2
1055,Amrut 100 Peated
1056,AnCnoc Rutter
1057,Ardbeg 10yo
1058,Brora 21yo
1059,Ardbeg Grooves
1060,Bruichladdich Octomore 11.1
1061,Compass Box No Name No. 2
1062,Bruichladdich Octomore 8.1
1063,Ardbeg Supernova 2019
1064,Lagavulin 8yo
1065,Laphroaig Cairdeas 2018 Fino
1066,Compass Box Monster 2004
1067,Laphroaig Cairdeas 2016 Madeira
1068,Ardbeg Auriverdes
1069,Bruichladdich Octomore 6.3
1070,Laphroaig An Cuan Mor
1071,Wemyss Malts Kiln Embers
1072,Ardbeg An Oa
1073,BenRiach 18yo Dunder
1074,Bruichladdich Octomore 10.3
1075,Bruichladdich Octomore 6.1
1076,Longrow CV
1077,Ardbeg Kelpie
1078,Bunnahabhain Ceòbanach
1079,Laphroaig 10yo
1080,Ardbeg Perpetuum
1081,Bruichladdich Port Charlotte Islay Barley Heavily Peated
1082,Compass Box Peat Monster 2015 Cask Strength
1083,Game of Thrones House Lannister Lagavulin 9yo
1084,Kilchoman Machir Bay (all vintages)
1085,Laphroaig 15yo (200th Anniversary)
1086,Amrut Portpipe Peated Single Cask (all casks)
1087,Longrow Peated
1088,Connemara Turf Mor
1089,Bruichladdich Octomore 10.4
1090,Bruichladdich Octomore 9.1
1091,Compass Box Peat Monster (all editions)
1092,Kilchoman 100% Islay (all editions)
1093,Lagavulin 11yo Offerman Edition
1094,Bunnahabhain Toiteach A Dha
1095,Big Peat Christmas Edition (all editions)
1096,Bruichladdich Octomore 7.4
1097,Compass Box Peat Monster 2005
1098,Kilchoman Spring 2011 Release
1099,Laphroaig Cairdeas 2017
1100,Bruichladdich Octomore 10.1
1101,Bruichladdich Octomore 11.2
1102,Compass Box Peat Monster 2012
1103,Caol Ila Distiller's Edition (all editions)
1104,Laphroaig Lore
1105,Smogen Single Cask 4yo 20/2011
1106,Amrut Peated
1107,Ileach Peated Islay Cask Strength
1108,Laphroaig Triple Wood
1109,Ardbeg Drum
1110,Bruichladdich Octomore 9.2
1111,Jura Prophecy
1112,AnCnoc Flaughter
1113,BenRiach 17yo Septendecim Peated
1114,Benromach Peat Smoke
1115,Bruichladdich Port Charlotte The Peat Project
1116,Kilchoman Winter 2010 Release
1117,Finlaggan Old Reserve
1118,Ileach Peated Islay
1119,Bunnahabhain Cruach Mhona
1120,Laphroaig QA Cask
1121,Milstone Peated
1122,Tomintoul Peaty Tang
1123,Santis Edition Dreifaltigkeit
1124,McClelland's Islay Single Malt
